variable,start,stop,step,default
Bulk_d,0.018,0.043,0.00024,0.03
DisperL,2,8.01,0.0606,5
DisperT,0.5,1.51,0.0101,1
DifW,0.036,0.181,0.00145,0.108
SnkL1,0.01,0.5,0.004848,0.25
Conc,0.05,49.96,0.504,25
h,1,82.01,0.8181,41.5